Date,S&P500,Interest Rate,GDP,Unemployment Rate,CPI,Inflation Expectations,Yield Spread,VIX,Industrial Production,Consumer Confidence,Hourly Earnings,NFCI,Savings Rate,PCE,Money Supply,PPI,fortnight
2009-12-30,1126.42,0.11,14651.25,9.9,217.35,2.11,2.72,19.96,88.24,72.5,22.36,-0.186,5.4,10052.6,8512.5,178.1,0
2010-01-13,1145.68,0.11,14764.61,9.8,217.49,2.13,2.83,17.85,89.19,74.4,22.41,-0.233,5.6,10056.1,8478.0,181.9,1
2010-01-27,1097.5,0.12,14764.61,9.8,217.49,1.96,2.76,23.14,89.19,74.4,22.41,-0.233,5.6,10056.1,8478.0,181.9,2
2010-02-10,1068.13,0.12,14764.61,9.8,217.28,1.97,2.81,25.4,89.5,73.6,22.45,-0.219,5.3,10093.4,8527.6,181.0,3
2010-02-24,1105.24,0.11,14764.61,9.8,217.28,1.9,2.83,20.27,89.5,73.6,22.45,-0.251,5.3,10093.4,8527.6,181.0,4
2010-03-10,1145.61,0.14,14764.61,9.9,217.35,1.91,2.81,18.57,90.14,73.6,22.46,-0.336,5.3,10156.0,8523.7,183.3,5
2010-03-24,1167.72,0.17,14764.61,9.9,217.35,1.89,2.76,17.55,90.14,73.6,22.46,-0.428,5.3,10156.0,8523.7,183.3,6
2010-04-07,1182.45,0.19,14980.19,9.9,217.4,2.04,2.83,16.62,90.46,72.2,22.49,-0.495,6.0,10182.3,8555.1,184.4,7
2010-04-21,1205.94,0.2,14980.19,9.9,217.4,1.95,2.74,16.32,90.46,72.2,22.49,-0.502,6.0,10182.3,8555.1,184.4,8
2010-05-05,1165.87,0.21,14980.19,9.6,217.29,1.89,2.7,24.91,91.7,73.6,22.53,-0.403,6.4,10210.8,8609.3,184.8,9
2010-05-19,1115.05,0.2,14980.19,9.6,217.29,1.7,2.56,35.32,91.7,73.6,22.53,-0.227,6.4,10210.8,8609.3,184.8,10
2010-06-02,1098.38,0.2,14980.19,9.4,217.2,1.71,2.53,30.17,91.9,76.0,22.53,-0.09,6.2,10231.3,8628.4,183.5,11
2010-06-16,1114.61,0.19,14980.19,9.4,217.2,1.67,2.52,25.92,91.9,76.0,22.53,-0.061,6.2,10231.3,8628.4,183.5,12
2010-06-30,1030.71,0.09,14980.19,9.4,217.2,1.54,2.36,34.54,91.9,76.0,22.53,-0.11,6.2,10231.3,8628.4,183.5,13
2010-07-14,1095.17,0.17,15141.61,9.4,217.6,1.48,2.45,24.89,92.25,67.8,22.59,-0.19,6.1,10268.1,8639.8,184.1,14
2010-07-28,1106.13,0.2,15141.61,9.4,217.6,1.46,2.42,24.25,92.25,67.8,22.59,-0.275,6.1,10268.1,8639.8,184.1,15
2010-08-11,1089.47,0.17,15141.61,9.5,217.92,1.43,2.18,25.39,92.59,68.9,22.62,-0.32,6.2,10307.1,8688.2,184.9,16
2010-08-25,1055.33,0.19,15141.61,9.5,217.92,1.21,2.01,26.7,92.59,68.9,22.62,-0.314,6.2,10307.1,8688.2,184.9,17
2010-09-08,1098.87,0.19,15141.61,9.5,218.28,1.23,2.14,23.25,92.85,68.2,22.67,-0.314,6.1,10327.1,8718.9,184.9,18
2010-09-22,1134.28,0.21,15141.61,9.5,218.28,1.32,2.12,22.51,92.85,68.2,22.67,-0.352,6.1,10327.1,8718.9,184.9,19
2010-10-06,1159.97,0.19,15309.47,9.4,219.04,1.45,2.03,21.49,92.6,67.7,22.74,-0.403,5.9,10386.4,8768.7,186.6,20
2010-10-20,1178.17,0.19,15309.47,9.4,219.04,1.48,2.16,19.79,92.6,67.7,22.74,-0.45,5.9,10386.4,8768.7,186.6,21
2010-11-03,1197.96,0.2,15309.47,9.8,219.59,1.51,2.33,19.56,92.67,71.6,22.73,-0.483,5.8,10433.6,8789.3,187.7,22
2010-11-17,1178.59,0.2,15309.47,9.8,219.59,1.53,2.39,21.76,92.67,71.6,22.73,-0.49,5.8,10433.6,8789.3,187.7,23
2010-12-01,1206.07,0.2,15309.47,9.3,220.47,1.6,2.44,21.36,93.59,74.5,22.76,-0.482,6.2,10471.0,8822.9,189.7,24
2010-12-15,1235.23,0.2,15309.47,9.3,220.47,1.77,2.85,17.94,93.59,74.5,22.76,-0.494,6.2,10471.0,8822.9,189.7,25
2010-12-29,1259.78,0.18,15309.47,9.3,220.47,1.81,2.71,17.28,93.59,74.5,22.76,-0.533,6.2,10471.0,8822.9,189.7,26
2011-01-12,1285.96,0.16,15351.45,9.1,221.19,2.0,2.79,16.24,93.39,74.2,22.86,-0.573,6.6,10514.3,8845.2,192.7,27
2011-01-26,1296.63,0.17,15351.45,9.1,221.19,1.96,2.83,16.64,93.39,74.2,22.86,-0.605,6.6,10514.3,8845.2,192.7,28
2011-02-09,1320.88,0.15,15351.45,9.0,221.9,1.94,2.84,15.87,93.0,77.5,22.87,-0.626,6.9,10540.6,8909.0,195.8,29
2011-02-23,1307.4,0.15,15351.45,9.0,221.9,2.2,2.75,22.13,93.0,77.5,22.87,-0.619,6.9,10540.6,8909.0,195.8,30
2011-03-09,1320.02,0.14,15351.45,9.0,223.05,2.25,2.78,20.22,93.97,67.5,22.87,-0.581,6.3,10619.7,8967.0,199.2,31
2011-03-23,1297.54,0.14,15351.45,9.0,223.05,2.16,2.67,19.17,93.97,67.5,22.87,-0.558,6.3,10619.7,8967.0,199.2,32
2011-04-06,1335.54,0.1,15557.54,9.1,224.09,2.34,2.71,16.9,93.66,69.8,22.91,-0.577,6.3,10652.1,9030.4,203.1,33
2011-04-20,1330.36,0.1,15557.54,9.1,224.09,2.27,2.74,15.07,93.66,69.8,22.91,-0.607,6.3,10652.1,9030.4,203.1,34
2011-05-04,1347.32,0.09,15557.54,9.0,224.81,2.41,2.65,17.08,93.77,74.3,22.98,-0.615,6.3,10672.2,9102.7,204.1,35
2011-05-18,1340.68,0.1,15557.54,9.0,224.81,2.14,2.6,16.23,93.77,74.3,22.98,-0.602,6.3,10672.2,9102.7,204.1,36
2011-06-01,1314.55,0.1,15557.54,9.1,224.81,1.99,2.52,18.3,94.05,71.5,23.01,-0.575,6.5,10694.8,9176.7,203.9,37
2011-06-15,1265.42,0.1,15557.54,9.1,224.81,1.99,2.6,21.32,94.05,71.5,23.01,-0.536,6.5,10694.8,9176.7,203.9,38
2011-06-29,1307.41,0.07,15557.54,9.1,224.81,2.0,2.67,17.27,94.05,71.5,23.01,-0.512,6.5,10694.8,9176.7,203.9,39
2011-07-13,1317.72,0.06,15647.68,9.0,225.4,1.99,2.55,19.91,94.5,63.7,23.1,-0.507,6.7,10731.6,9338.7,204.6,40
2011-07-27,1304.89,0.07,15647.68,9.0,225.4,2.1,2.57,22.98,94.5,63.7,23.1,-0.455,6.7,10731.6,9338.7,204.6,41
2011-08-10,1120.76,0.1,15647.68,9.0,226.11,1.95,1.98,42.99,95.1,55.8,23.07,-0.317,6.7,10750.3,9525.1,203.2,42
2011-08-24,1177.6,0.08,15647.68,9.0,226.11,1.65,2.06,35.9,95.1,55.8,23.07,-0.16,6.7,10750.3,9525.1,203.2,43
2011-09-07,1198.62,0.09,15647.68,9.0,226.6,1.67,1.84,33.38,95.02,59.5,23.12,-0.056,6.4,10783.2,9545.3,203.7,44
2011-09-21,1166.76,0.08,15647.68,9.0,226.6,1.66,1.67,37.32,95.02,59.5,23.12,0.001,6.4,10783.2,9545.3,203.7,45
2011-10-05,1144.03,0.07,15842.26,8.8,226.75,1.5,1.67,37.81,95.69,60.8,23.2,0.019,6.3,10802.9,9578.1,201.1,46
2011-10-19,1209.88,0.07,15842.26,8.8,226.75,1.71,1.9,34.44,95.69,60.8,23.2,-0.02,6.3,10802.9,9578.1,201.1,47
2011-11-02,1237.9,0.08,15842.26,8.6,227.17,1.91,1.8,32.74,95.68,63.7,23.19,-0.065,6.4,10806.8,9629.8,201.4,48
2011-11-16,1236.91,0.08,15842.26,8.6,227.17,1.68,1.75,33.51,95.68,63.7,23.19,-0.049,6.4,10806.8,9629.8,201.4,49
2011-11-30,1246.96,0.1,15842.26,8.6,227.17,1.76,1.83,27.8,95.68,63.7,23.19,-0.006,6.4,10806.8,9629.8,201.4,50
2011-12-14,1211.82,0.07,15842.26,8.5,227.22,1.6,1.67,26.04,96.18,69.9,23.22,-0.012,7.2,10817.8,9677.4,199.8,51
2011-12-28,1249.64,0.07,15842.26,8.5,227.22,1.63,1.65,23.52,96.18,69.9,23.22,-0.06,7.2,10817.8,9677.4,199.8,52
2012-01-11,1292.48,0.08,16068.8,8.3,227.84,1.67,1.69,21.05,96.76,75.0,23.25,-0.141,7.4,10896.8,9750.5,200.7,53
2012-01-25,1326.06,0.08,16068.8,8.3,227.84,1.83,1.79,18.31,96.76,75.0,23.25,-0.249,7.4,10896.8,9750.5,200.7,54
2012-02-08,1349.96,0.11,16068.8,8.3,228.33,1.91,1.74,18.16,97.07,75.3,23.28,-0.339,7.3,10987.2,9802.2,201.6,55
2012-02-22,1357.66,0.08,16068.8,8.3,228.33,1.99,1.72,18.19,97.07,75.3,23.28,-0.376,7.3,10987.2,9802.2,201.6,56
2012-03-07,1352.63,0.11,16068.8,8.2,228.81,1.98,1.68,19.07,96.56,76.2,23.36,-0.397,7.6,10993.9,9846.2,204.2,57
2012-03-21,1402.89,0.15,16068.8,8.2,228.81,2.11,1.92,15.13,96.56,76.2,23.36,-0.424,7.6,10993.9,9846.2,204.2,58
2012-04-04,1398.96,0.15,16207.12,8.2,229.19,1.96,1.9,16.44,97.25,76.4,23.39,-0.429,7.9,11018.5,9899.8,203.7,59
2012-04-18,1385.14,0.15,16207.12,8.2,229.19,1.87,1.73,18.64,97.25,76.4,23.39,-0.4,7.9,11018.5,9899.8,203.7,60
2012-05-02,1402.31,0.15,16207.12,8.2,228.71,2.04,1.69,16.88,97.46,79.3,23.4,-0.361,7.9,11006.8,9943.0,201.9,61
2012-05-16,1324.8,0.16,16207.12,8.2,228.71,1.89,1.46,22.27,97.46,79.3,23.4,-0.303,7.9,11006.8,9943.0,201.9,62
2012-05-30,1313.32,0.16,16207.12,8.2,228.71,1.71,1.36,24.14,97.46,79.3,23.4,-0.232,7.9,11006.8,9943.0,201.9,63
2012-06-13,1314.88,0.17,16207.12,8.2,228.52,1.8,1.31,24.27,97.48,73.2,23.46,-0.2,7.9,10989.8,10013.0,199.8,64
2012-06-27,1331.85,0.15,16207.12,8.2,228.52,1.68,1.34,19.45,97.48,73.2,23.46,-0.233,7.9,10989.8,10013.0,199.8,65
2012-07-11,1341.45,0.17,16319.54,8.2,228.59,1.79,1.27,17.95,97.67,72.3,23.5,-0.283,7.0,11016.8,10065.7,200.1,66
2012-07-25,1337.89,0.15,16319.54,8.2,228.59,1.68,1.21,19.34,97.67,72.3,23.5,-0.323,7.0,11016.8,10065.7,200.1,67
2012-08-08,1402.22,0.13,16319.54,8.1,229.92,1.92,1.39,15.32,97.27,74.3,23.48,-0.361,6.7,11056.0,10136.4,202.7,68
2012-08-22,1413.49,0.13,16319.54,8.1,229.92,1.88,1.45,15.11,97.27,74.3,23.48,-0.4,6.7,11056.0,10136.4,202.7,69
2012-09-05,1403.44,0.16,16319.54,7.8,231.02,1.98,1.35,17.74,97.22,78.3,23.57,-0.436,7.2,11105.3,10216.6,204.4,70
2012-09-19,1461.05,0.15,16319.54,7.8,231.02,2.19,1.52,13.88,97.22,78.3,23.57,-0.474,7.2,11105.3,10216.6,204.4,71
2012-10-03,1450.99,0.16,16420.42,7.8,231.64,2.18,1.41,15.43,97.53,82.6,23.56,-0.511,7.8,11137.4,10282.8,203.5,72
2012-10-17,1460.91,0.15,16420.42,7.8,231.64,2.22,1.53,15.07,97.53,82.6,23.56,-0.532,7.8,11137.4,10282.8,203.5,73
2012-10-31,1412.16,0.18,16420.42,7.8,231.64,2.12,1.42,18.6,97.53,82.6,23.56,-0.531,7.8,11137.4,10282.8,203.5,74
2012-11-14,1355.49,0.16,16420.42,7.7,231.25,2.02,1.34,17.92,97.91,82.7,23.63,-0.525,8.7,11178.4,10351.8,201.8,75
2012-11-28,1409.93,0.16,16420.42,7.7,231.25,1.99,1.36,15.51,97.91,82.7,23.63,-0.531,8.7,11178.4,10351.8,201.8,76
2012-12-12,1428.48,0.17,16420.42,7.9,231.22,2.12,1.47,15.95,98.19,72.9,23.73,-0.547,10.9,11181.2,10474.4,201.5,77
2012-12-26,1419.83,0.17,16420.42,7.9,231.22,2.11,1.51,19.48,98.19,72.9,23.73,-0.572,10.9,11181.2,10474.4,201.5,78
2013-01-09,1461.02,0.14,16648.19,8.0,231.68,2.18,1.64,13.81,98.17,73.8,23.75,-0.601,4.9,11252.4,10497.6,202.5,79
2013-01-23,1494.81,0.13,16648.19,8.0,231.68,2.21,1.6,12.46,98.17,73.8,23.75,-0.626,4.9,11252.4,10497.6,202.5,80
2013-02-06,1512.12,0.13,16648.19,7.7,232.94,2.32,1.73,13.41,98.64,77.6,23.78,-0.634,4.7,11290.5,10516.6,204.3,81
2013-02-20,1511.95,0.15,16648.19,7.7,232.94,2.19,1.75,14.68,98.64,77.6,23.78,-0.634,4.7,11290.5,10516.6,204.3,82
2013-03-06,1541.46,0.15,16648.19,7.5,232.28,2.27,1.7,13.53,99.05,78.6,23.8,-0.639,4.8,11290.1,10572.9,204.0,83
2013-03-20,1558.71,0.15,16648.19,7.5,232.28,2.25,1.7,12.67,99.05,78.6,23.8,-0.65,4.8,11290.1,10572.9,204.0,84
2013-04-03,1553.69,0.14,16728.69,7.6,231.8,2.18,1.59,14.21,98.94,76.4,23.87,-0.658,5.1,11281.1,10600.4,203.5,85
2013-04-17,1552.01,0.15,16728.69,7.6,231.8,1.98,1.49,16.51,98.94,76.4,23.87,-0.675,5.1,11281.1,10600.4,203.5,86
2013-05-01,1582.7,0.14,16728.69,7.5,231.89,1.98,1.46,14.49,99.04,84.5,23.89,-0.703,5.3,11321.6,10634.7,204.1,87
2013-05-15,1658.78,0.12,16728.69,7.5,231.89,2.01,1.68,12.81,99.04,84.5,23.89,-0.723,5.3,11321.6,10634.7,204.1,88
2013-05-29,1648.36,0.08,16728.69,7.5,231.89,1.91,1.83,14.83,99.04,84.5,23.89,-0.711,5.3,11321.6,10634.7,204.1,89
2013-06-12,1612.52,0.08,16728.69,7.5,232.44,1.81,1.91,18.59,99.22,84.1,23.96,-0.669,5.4,11344.4,10692.3,204.3,90
2013-06-26,1603.26,0.09,16728.69,7.5,232.44,1.67,2.16,17.21,99.22,84.1,23.96,-0.626,5.4,11344.4,10692.3,204.3,91
2013-07-10,1652.62,0.09,16953.84,7.3,232.9,1.87,2.32,14.21,98.9,85.1,23.98,-0.619,5.2,11372.6,10731.5,204.4,92
2013-07-24,1685.94,0.09,16953.84,7.3,232.9,1.87,2.27,13.18,98.9,85.1,23.98,-0.646,5.2,11372.6,10731.5,204.4,93
2013-08-07,1690.91,0.09,16953.84,7.2,233.46,1.93,2.29,12.98,99.49,82.1,24.02,-0.67,5.2,11406.6,10789.6,204.2,94
2013-08-21,1642.8,0.08,16953.84,7.2,233.46,1.77,2.49,15.94,99.49,82.1,24.02,-0.668,5.2,11406.6,10789.6,204.2,95
2013-09-04,1653.08,0.08,16953.84,7.2,233.54,1.74,2.44,15.88,100.02,77.5,24.06,-0.656,5.3,11445.9,10850.0,203.9,96
2013-09-18,1725.52,0.08,16953.84,7.2,233.54,1.84,2.35,13.59,100.02,77.5,24.06,-0.66,5.3,11445.9,10850.0,203.9,97
2013-10-02,1693.87,0.07,17192.02,7.2,233.67,1.8,2.32,16.6,99.9,73.2,24.09,-0.679,4.7,11498.0,10974.2,202.5,98
2013-10-16,1721.54,0.11,17192.02,7.2,233.67,1.79,2.35,14.71,99.9,73.2,24.09,-0.703,4.7,11498.0,10974.2,202.5,99
2013-10-30,1763.31,0.08,17192.02,7.2,233.67,1.77,2.22,13.65,99.9,73.2,24.09,-0.735,4.7,11498.0,10974.2,202.5,100
2013-11-13,1782.0,0.08,17192.02,6.9,234.1,1.79,2.43,12.52,100.16,75.1,24.16,-0.765,4.5,11562.5,10982.9,201.2,101
2013-11-27,1807.23,0.09,17192.02,6.9,234.1,1.71,2.46,12.98,100.16,75.1,24.16,-0.782,4.5,11562.5,10982.9,201.2,102
2013-12-11,1782.22,0.08,17192.02,6.7,234.72,1.65,2.55,15.42,100.37,82.5,24.18,-0.79,4.5,11593.2,11047.8,202.0,103
2013-12-26,1842.02,0.08,17192.02,6.7,234.72,1.7,2.58,12.33,100.37,82.5,24.18,-0.797,4.5,11593.2,11047.8,202.0,104
2014-01-08,1837.49,0.07,17197.74,6.6,235.29,1.76,2.58,12.87,99.99,81.2,24.23,-0.795,5.2,11578.8,11117.6,203.8,105
2014-01-22,1844.86,0.07,17197.74,6.6,235.29,1.79,2.43,12.84,99.99,81.2,24.23,-0.778,5.2,11578.8,11117.6,203.8,106
2014-02-05,1751.64,0.07,17197.74,6.7,235.55,1.78,2.38,19.95,100.75,81.6,24.33,-0.762,5.3,11636.9,11183.2,205.7,107
2014-02-19,1828.75,0.07,17197.74,6.7,235.55,1.78,2.4,15.5,100.75,81.6,24.33,-0.766,5.3,11636.9,11183.2,205.7,108
2014-03-05,1873.81,0.08,17197.74,6.7,236.03,1.8,2.37,13.89,101.74,80.0,24.32,-0.779,5.2,11722.3,11219.1,207.0,109
2014-03-19,1860.77,0.08,17197.74,6.7,236.03,1.73,2.31,15.12,101.74,80.0,24.32,-0.783,5.2,11722.3,11219.1,207.0,110
2014-04-02,1890.9,0.09,17518.51,6.2,236.47,1.72,2.35,13.09,101.83,84.1,24.34,-0.78,5.4,11762.3,11264.0,208.3,111
2014-04-16,1862.31,0.09,17518.51,6.2,236.47,1.73,2.26,14.18,101.83,84.1,24.34,-0.777,5.4,11762.3,11264.0,208.3,112
2014-04-30,1883.95,0.09,17518.51,6.2,236.47,1.96,2.25,13.41,101.83,84.1,24.34,-0.775,5.4,11762.3,11264.0,208.3,113
2014-05-14,1888.53,0.08,17518.51,6.3,236.92,1.92,2.15,12.17,102.24,81.9,24.4,-0.778,5.6,11807.3,11328.5,208.0,114
2014-05-28,1909.78,0.09,17518.51,6.3,236.92,1.94,2.07,11.68,102.24,81.9,24.4,-0.791,5.6,11807.3,11328.5,208.0,115
2014-06-11,1943.89,0.09,17518.51,6.1,237.23,1.94,2.21,11.6,102.58,82.5,24.46,-0.806,5.6,11861.7,11383.7,208.3,116
2014-06-25,1959.53,0.1,17518.51,6.1,237.23,2.03,2.09,11.59,102.58,82.5,24.46,-0.808,5.6,11861.7,11383.7,208.3,117
2014-07-09,1972.83,0.09,17804.23,6.2,237.5,1.98,2.06,11.65,102.8,81.8,24.48,-0.793,5.5,11904.4,11438.4,208.0,118
2014-07-23,1987.01,0.09,17804.23,6.2,237.5,1.92,1.98,11.52,102.8,81.8,24.48,-0.771,5.5,11904.4,11438.4,208.0,119
2014-08-06,1920.24,0.09,17804.23,6.1,237.46,1.9,2.01,16.37,102.63,82.5,24.54,-0.75,5.3,11983.7,11462.5,207.0,120
2014-08-20,1986.51,0.09,17804.23,6.1,237.46,1.83,1.94,11.78,102.63,82.5,24.54,-0.74,5.3,11983.7,11462.5,207.0,121
2014-09-03,2000.72,0.09,17804.23,5.9,237.48,1.77,1.89,12.36,102.94,84.6,24.55,-0.735,5.5,11991.4,11503.7,206.4,122
2014-09-17,2001.57,0.09,17804.23,5.9,237.48,1.63,2.03,12.65,102.94,84.6,24.55,-0.719,5.5,11991.4,11503.7,206.4,123
2014-10-01,1946.16,0.09,17912.08,5.7,237.43,1.6,1.89,16.71,102.96,86.9,24.58,-0.681,5.4,12064.7,11577.5,203.4,124
2014-10-15,1862.49,0.09,17912.08,5.7,237.43,1.37,1.81,26.25,102.96,86.9,24.58,-0.647,5.4,12064.7,11577.5,203.4,125
2014-10-29,1982.3,0.09,17912.08,5.7,237.43,1.47,1.86,15.15,102.96,86.9,24.58,-0.642,5.4,12064.7,11577.5,203.4,126
2014-11-12,2038.25,0.09,17912.08,5.8,236.98,1.53,1.82,13.02,103.6,88.8,24.66,-0.661,5.6,12083.9,11618.2,200.9,127
2014-11-26,2072.83,0.1,17912.08,5.8,236.98,1.44,1.71,12.07,103.6,88.8,24.66,-0.667,5.6,12083.9,11618.2,200.9,128
2014-12-10,2026.14,0.12,17912.08,5.6,236.25,1.27,1.59,18.53,103.62,93.6,24.62,-0.644,6.0,12096.1,11701.9,197.0,129
2014-12-24,2081.88,0.13,17912.08,5.6,236.25,1.26,1.54,14.37,103.62,93.6,24.62,-0.601,6.0,12096.1,11701.9,197.0,130
2015-01-07,2025.9,0.12,18063.53,5.7,234.75,1.16,1.34,19.31,102.79,98.1,24.75,-0.56,6.3,12066.7,11774.2,192.0,131
2015-01-21,2032.12,0.12,18063.53,5.7,234.75,1.17,1.34,18.85,102.79,98.1,24.75,-0.526,6.3,12066.7,11774.2,192.0,132
2015-02-04,2041.51,0.11,18063.53,5.5,235.34,1.35,1.29,18.33,102.14,95.4,24.79,-0.512,6.4,12116.6,11880.4,191.1,133
2015-02-18,2099.68,0.12,18063.53,5.5,235.34,1.32,1.45,15.45,102.14,95.4,24.79,-0.521,6.4,12116.6,11880.4,191.1,134
2015-03-04,2098.53,0.11,18063.53,5.4,235.98,1.61,1.46,14.23,101.79,93.0,24.86,-0.537,5.9,12176.1,11892.9,191.5,135
2015-03-18,2099.5,0.11,18063.53,5.4,235.98,1.33,1.36,13.97,101.79,93.0,24.86,-0.543,5.9,12176.1,11892.9,191.5,136
2015-04-01,2059.69,0.12,18279.78,5.4,236.22,1.58,1.32,15.11,101.23,95.9,24.89,-0.547,5.9,12209.1,11932.5,190.9,137
2015-04-15,2106.63,0.13,18279.78,5.4,236.22,1.59,1.4,12.84,101.23,95.9,24.89,-0.552,5.9,12209.1,11932.5,190.9,138
2015-04-29,2106.85,0.13,18279.78,5.4,236.22,1.7,1.5,13.39,101.23,95.9,24.89,-0.554,5.9,12209.1,11932.5,190.9,139
2015-05-13,2098.48,0.13,18279.78,5.6,237.0,1.67,1.68,13.76,100.77,90.7,24.97,-0.548,5.8,12275.4,11963.8,193.4,140
2015-05-27,2123.48,0.12,18279.78,5.6,237.0,1.54,1.5,13.27,100.77,90.7,24.97,-0.548,5.8,12275.4,11963.8,193.4,141
2015-06-10,2105.2,0.13,18279.78,5.3,237.66,1.66,1.75,13.22,100.46,96.1,24.97,-0.548,5.7,12307.9,12011.1,194.8,142
2015-06-24,2108.58,0.13,18279.78,5.3,237.66,1.64,1.7,13.26,100.46,96.1,24.97,-0.542,5.7,12307.9,12011.1,194.8,143
2015-07-08,2046.68,0.13,18401.63,5.2,238.03,1.54,1.67,19.66,101.09,93.1,25.0,-0.532,5.6,12364.9,12061.1,193.9,144
2015-07-22,2114.15,0.13,18401.63,5.2,238.03,1.48,1.58,12.12,101.09,93.1,25.0,-0.526,5.6,12364.9,12061.1,193.9,145
2015-08-05,2099.84,0.14,18401.63,5.1,238.03,1.31,1.55,12.51,100.92,91.9,25.09,-0.506,5.6,12396.2,12110.8,191.9,146
2015-08-19,2079.61,0.15,18401.63,5.1,238.03,1.17,1.45,15.25,100.92,91.9,25.09,-0.465,5.6,12396.2,12110.8,191.9,147
2015-09-02,1948.86,0.14,18401.63,5.0,237.5,1.19,1.48,26.09,100.63,87.2,25.11,-0.419,5.8,12386.4,12170.3,189.1,148
2015-09-16,1995.31,0.14,18401.63,5.0,237.5,1.21,1.48,21.35,100.63,87.2,25.11,-0.4,5.8,12386.4,12170.3,189.1,149
2015-09-30,1920.03,0.07,18401.63,5.0,237.5,1.07,1.42,24.5,100.63,87.2,25.11,-0.411,5.8,12386.4,12170.3,189.1,150
2015-10-14,1994.24,0.13,18435.14,5.0,237.73,1.15,1.42,18.03,100.16,90.0,25.19,-0.44,5.8,12394.9,12211.2,187.5,151
2015-10-28,2090.35,0.12,18435.14,5.0,237.73,1.14,1.37,14.33,100.16,90.0,25.19,-0.47,5.8,12394.9,12211.2,187.5,152
2015-11-11,2075.0,0.12,18435.14,5.1,238.02,,,16.06,99.44,91.3,25.25,-0.487,5.6,12423.2,12301.0,185.7,153
2015-11-25,2088.87,0.12,18435.14,5.1,238.02,1.31,1.3,15.19,99.44,91.3,25.25,-0.477,5.6,12423.2,12301.0,185.7,154
2015-12-09,2047.62,0.14,18435.14,5.0,237.76,1.21,1.29,19.61,98.95,92.6,25.24,-0.443,5.8,12452.0,12361.5,183.5,155
2015-12-23,2064.29,0.36,18435.14,5.0,237.76,1.25,1.26,15.57,98.95,92.6,25.24,-0.396,5.8,12452.0,12361.5,183.5,156
2016-01-06,1990.26,0.36,18525.93,4.8,237.65,1.26,1.19,20.59,99.44,92.0,25.38,-0.356,6.1,12478.0,12490.8,182.6,157
2016-01-20,1859.33,0.37,18525.93,4.8,237.65,1.1,1.16,27.59,99.44,92.0,25.38,-0.325,6.1,12478.0,12490.8,182.6,158
2016-02-03,1912.53,0.38,18525.93,4.9,237.34,1.16,1.16,21.65,98.92,91.7,25.38,-0.302,5.6,12554.5,12557.6,181.3,159
2016-02-17,1926.82,0.37,18525.93,4.9,237.34,1.04,1.07,22.31,98.92,91.7,25.38,-0.295,5.6,12554.5,12557.6,181.3,160
2016-03-02,1986.45,0.37,18525.93,5.0,238.08,1.34,0.99,17.09,98.16,91.0,25.45,-0.323,5.9,12537.0,12620.2,182.1,161
2016-03-16,2027.22,0.37,18525.93,5.0,238.08,1.45,1.07,14.99,98.16,91.0,25.45,-0.364,5.9,12537.0,12620.2,182.1,162
2016-03-30,2063.95,0.37,18525.93,5.0,238.08,1.52,1.07,13.56,98.16,91.0,25.45,-0.388,5.9,12537.0,12620.2,182.1,163
2016-04-13,2082.42,0.37,18711.7,5.1,238.99,1.43,1.02,13.84,98.48,89.0,25.53,-0.391,5.5,12611.5,12703.7,183.2,164
2016-04-27,2095.15,0.37,18711.7,5.1,238.99,1.57,1.04,13.77,98.48,89.0,25.53,-0.39,5.5,12611.5,12703.7,183.2,165
2016-05-11,2064.46,0.37,18711.7,4.8,239.56,1.53,0.99,14.69,98.25,94.7,25.58,-0.387,5.3,12652.7,12775.9,185.3,166
2016-05-25,2090.54,0.37,18711.7,4.8,239.56,1.51,0.95,13.9,98.25,94.7,25.58,-0.382,5.3,12652.7,12775.9,185.3,167
2016-06-08,2119.12,0.37,18711.7,4.9,240.22,1.54,0.93,14.08,98.73,93.5,25.62,-0.369,4.9,12731.2,12841.1,187.6,168
2016-06-22,2085.45,0.38,18711.7,4.9,240.22,1.41,0.94,21.17,98.73,93.5,25.62,-0.352,4.9,12731.2,12841.1,187.6,169
2016-07-06,2099.73,0.4,18892.64,4.8,240.1,1.41,0.8,14.96,98.85,90.0,25.69,-0.34,5.1,12756.7,12902.2,187.7,170
2016-07-20,2173.02,0.4,18892.64,4.8,240.1,1.4,0.86,11.77,98.85,90.0,25.69,-0.343,5.1,12756.7,12902.2,187.7,171
2016-08-03,2163.79,0.4,18892.64,4.9,240.54,1.28,0.88,12.86,98.74,89.8,25.72,-0.351,5.1,12788.1,12988.9,186.6,172
2016-08-17,2182.22,0.4,18892.64,4.9,240.54,1.31,0.82,12.19,98.74,89.8,25.72,-0.353,5.1,12788.1,12988.9,186.6,173
2016-08-31,2170.95,0.3,18892.64,4.9,240.54,1.27,0.78,13.42,98.74,89.8,25.72,-0.343,5.1,12788.1,12988.9,186.6,174
2016-09-14,2125.77,0.4,18892.64,5.0,241.18,1.3,0.93,18.14,98.66,91.2,25.77,-0.326,5.1,12846.6,13047.9,186.9,175
2016-09-28,2171.37,0.4,18892.64,5.0,241.18,1.44,0.82,12.39,98.66,91.2,25.77,-0.318,5.1,12846.6,13047.9,186.9,176
2016-10-12,2139.18,0.41,19089.38,4.9,241.74,1.51,0.92,15.91,98.72,87.2,25.89,-0.328,5.3,12867.0,13112.8,186.7,177
2016-10-26,2139.43,0.41,19089.38,4.9,241.74,1.58,0.93,14.24,98.72,87.2,25.89,-0.348,5.3,12867.0,13112.8,186.7,178
2016-11-09,2163.26,0.41,19089.38,4.7,242.03,1.67,1.17,14.38,98.34,93.8,25.9,-0.374,5.4,12893.0,13182.4,186.3,179
2016-11-23,2204.72,0.41,19089.38,4.7,242.03,1.74,1.24,12.43,98.34,93.8,25.9,-0.407,5.4,12893.0,13182.4,186.3,180
2016-12-07,2241.35,0.41,19089.38,4.7,242.64,1.78,1.24,12.22,99.04,98.2,25.92,-0.432,5.0,13005.9,13215.3,188.2,181
2016-12-21,2265.18,0.66,19089.38,4.7,242.64,1.74,1.34,11.27,99.04,98.2,25.92,-0.447,5.0,13005.9,13215.3,188.2,182
2017-01-04,2270.75,0.66,19280.08,4.7,243.62,1.86,1.22,11.85,98.82,98.5,26.0,-0.457,5.3,13063.7,13286.4,190.7,183
2017-01-18,2271.89,0.66,19280.08,4.7,243.62,1.86,1.19,12.48,98.82,98.5,26.0,-0.468,5.3,13063.7,13286.4,190.7,184
2017-02-01,2279.55,0.66,19280.08,4.6,244.01,1.92,1.26,11.81,98.44,96.3,26.07,-0.475,5.6,13088.4,13351.2,191.6,185
2017-02-15,2349.25,0.66,19280.08,4.6,244.01,1.93,1.24,11.97,98.44,96.3,26.07,-0.475,5.6,13088.4,13351.2,191.6,186
2017-03-01,2395.96,0.66,19280.08,4.4,243.89,1.84,1.17,12.54,99.05,96.9,26.11,-0.47,5.6,13139.9,13420.1,191.5,187
2017-03-15,2385.26,0.66,19280.08,4.4,243.89,1.84,1.18,11.63,99.05,96.9,26.11,-0.465,5.6,13139.9,13420.1,191.5,188
2017-03-29,2361.13,0.91,19280.08,4.4,243.89,1.8,1.13,11.42,99.05,96.9,26.11,-0.459,5.6,13139.9,13420.1,191.5,189
2017-04-12,2344.93,0.91,19438.64,4.4,244.19,1.69,1.04,15.77,100.04,97.0,26.17,-0.462,5.7,13169.2,13481.0,193.0,190
2017-04-26,2387.45,0.91,19438.64,4.4,244.19,1.83,1.04,10.85,100.04,97.0,26.17,-0.476,5.7,13169.2,13481.0,193.0,191
2017-05-10,2399.63,0.91,19438.64,4.4,244.0,1.78,1.06,10.21,100.13,97.1,26.21,-0.498,6.3,13171.9,13539.7,192.8,192
2017-05-24,2404.39,0.91,19438.64,4.4,244.0,1.73,0.97,10.02,100.13,97.1,26.21,-0.52,6.3,13171.9,13539.7,192.8,193
2017-06-07,2433.14,0.91,19438.64,4.3,244.16,1.69,0.86,10.39,100.34,95.0,26.26,-0.54,6.0,13225.2,13564.1,193.6,194
2017-06-21,2435.61,1.16,19438.64,4.3,244.16,1.54,0.8,10.75,100.34,95.0,26.26,-0.551,6.0,13225.2,13564.1,193.6,195
2017-07-05,2432.54,1.16,19692.6,4.3,244.24,1.65,0.92,11.07,100.09,93.4,26.36,-0.558,6.0,13263.3,13628.9,193.5,196
2017-07-19,2473.83,1.16,19692.6,4.3,244.24,1.65,0.9,9.79,100.09,93.4,26.36,-0.567,6.0,13263.3,13628.9,193.5,197
2017-08-02,2477.57,1.16,19692.6,4.4,245.18,1.63,0.91,10.28,99.63,96.8,26.38,-0.571,6.1,13294.6,13688.0,193.8,198
2017-08-16,2468.11,1.16,19692.6,4.4,245.18,1.62,0.9,11.74,99.63,96.8,26.38,-0.561,6.1,13294.6,13688.0,193.8,199
2017-08-30,2457.59,1.16,19692.6,4.4,245.18,1.57,0.82,11.22,99.63,96.8,26.38,-0.548,6.1,13294.6,13688.0,193.8,200
2017-09-13,2498.37,1.16,19692.6,4.3,246.44,1.68,0.85,10.5,99.75,95.1,26.49,-0.546,5.9,13417.3,13733.8,194.8,201
2017-09-27,2507.04,1.16,19692.6,4.3,246.44,1.74,0.84,9.87,99.75,95.1,26.49,-0.559,5.9,13417.3,13733.8,194.8,202
2017-10-11,2555.24,1.16,20037.09,4.2,246.63,1.75,0.84,9.85,100.99,100.7,26.49,-0.575,6.0,13447.5,13788.5,194.9,203
2017-10-25,2557.15,1.16,20037.09,4.2,246.63,1.74,0.83,11.23,100.99,100.7,26.49,-0.591,6.0,13447.5,13788.5,194.9,204
2017-11-08,2594.38,1.16,20037.09,4.2,247.28,1.77,0.67,9.78,101.25,98.5,26.53,-0.606,5.6,13540.6,13814.7,195.9,205
2017-11-22,2597.08,1.16,20037.09,4.2,247.28,1.75,0.58,9.88,101.25,98.5,26.53,-0.613,5.6,13540.6,13814.7,195.9,206
2017-12-06,2629.27,1.16,20037.09,4.1,247.8,1.74,0.55,11.02,101.49,95.9,26.61,-0.614,5.0,13666.1,13860.3,196.3,207
2017-12-20,2679.25,1.42,20037.09,4.1,247.8,1.74,0.62,9.72,101.49,95.9,26.61,-0.615,5.0,13666.1,13860.3,196.3,208
2018-01-03,2713.06,1.42,20328.55,4.0,248.86,1.87,0.5,9.15,101.49,95.7,26.73,-0.624,5.7,13703.3,13869.2,197.9,209
2018-01-17,2802.56,1.42,20328.55,4.0,248.86,1.9,0.52,11.91,101.49,95.7,26.73,-0.629,5.7,13703.3,13869.2,197.9,210
2018-01-31,2823.81,1.34,20328.55,4.0,248.86,1.98,0.58,13.54,101.49,95.7,26.73,-0.608,5.7,13703.3,13869.2,197.9,211
2018-02-14,2698.63,1.42,20328.55,4.1,249.53,1.91,0.74,19.26,101.73,99.7,26.75,-0.568,5.8,13738.7,13907.3,199.3,212
2018-02-28,2713.83,1.35,20328.55,4.1,249.53,2.04,0.62,19.85,101.73,99.7,26.75,-0.537,5.8,13738.7,13907.3,199.3,213
2018-03-14,2749.48,1.42,20328.55,4.0,249.58,2.04,0.55,17.23,102.19,101.4,26.86,-0.511,5.9,13793.2,13966.4,199.3,214
2018-03-28,2605.0,1.68,20328.55,4.0,249.58,1.91,0.49,22.87,102.19,101.4,26.86,-0.487,5.9,13793.2,13966.4,199.3,215
2018-04-11,2642.19,1.69,20580.91,4.0,250.23,2.06,0.47,20.24,103.36,98.8,26.91,-0.482,6.0,13838.4,13989.3,200.3,216
2018-04-25,2639.4,1.7,20580.91,4.0,250.23,2.09,0.54,17.84,103.36,98.8,26.91,-0.506,6.0,13838.4,13989.3,200.3,217
2018-05-09,2697.79,1.7,20580.91,3.8,250.79,2.13,0.46,13.42,102.38,98.0,26.98,-0.534,6.0,13905.0,14055.7,203.2,218
2018-05-23,2733.29,1.7,20580.91,3.8,250.79,2.12,0.48,12.58,102.38,98.0,26.98,-0.544,6.0,13905.0,14055.7,203.2,219
2018-06-06,2772.35,1.7,20580.91,4.0,251.02,2.06,0.45,11.64,103.23,98.2,27.04,-0.535,6.3,13930.4,14117.5,204.2,220
2018-06-20,2767.32,1.92,20580.91,4.0,251.02,2.06,0.37,12.79,103.23,98.2,27.04,-0.522,6.3,13930.4,14117.5,204.2,221
2018-07-05,2736.61,1.91,20798.73,3.8,251.21,2.1,0.29,14.97,103.36,97.9,27.09,-0.512,6.5,13974.8,14157.0,204.3,222
2018-07-18,2815.62,1.91,20798.73,3.8,251.21,2.03,0.28,12.1,103.36,97.9,27.09,-0.519,6.5,13974.8,14157.0,204.3,223
2018-08-01,2813.36,1.91,20798.73,3.8,251.66,2.0,0.33,13.15,104.06,96.2,27.2,-0.541,6.6,14014.0,14206.0,203.4,224
2018-08-15,2818.37,1.91,20798.73,3.8,251.66,1.97,0.25,14.64,104.06,96.2,27.2,-0.563,6.6,14014.0,14206.0,203.4,225
2018-08-29,2914.04,1.92,20798.73,3.8,251.66,2.0,0.22,12.25,104.06,96.2,27.2,-0.576,6.6,14014.0,14206.0,203.4,226
2018-09-12,2888.92,1.92,20798.73,3.7,252.18,2.02,0.23,13.14,104.1,100.1,27.32,-0.583,6.8,14017.8,14238.2,203.6,227
2018-09-26,2905.97,1.93,20798.73,3.7,252.18,2.04,0.23,12.89,104.1,100.1,27.32,-0.584,6.8,14017.8,14238.2,203.6,228
2018-10-10,2785.68,2.18,20917.87,3.8,252.77,2.04,0.34,22.96,103.93,98.6,27.37,-0.57,6.7,14083.1,14248.1,204.6,229
2018-10-24,2656.1,2.2,20917.87,3.8,252.77,1.93,0.26,25.23,103.93,98.6,27.37,-0.542,6.7,14083.1,14248.1,204.6,230
2018-11-07,2813.89,2.2,20917.87,3.8,252.59,1.93,0.26,16.36,104.01,97.5,27.44,-0.511,6.5,14162.9,14258.7,202.3,231
2018-11-21,2649.93,2.2,20917.87,3.8,252.59,1.81,0.25,20.8,104.01,97.5,27.44,-0.478,6.5,14162.9,14258.7,202.3,232
2018-12-06,2695.95,2.2,20917.87,3.9,252.77,1.69,0.12,21.19,104.05,98.3,27.55,-0.431,8.4,14051.6,14369.9,201.0,233
2018-12-19,2506.96,2.2,20917.87,3.9,252.77,1.56,0.14,25.58,104.05,98.3,27.55,-0.39,8.4,14051.6,14369.9,201.0,234
2019-01-02,2510.03,2.4,21111.6,4.0,252.56,1.49,0.16,23.22,103.36,91.2,27.59,-0.388,8.4,14084.6,14432.7,199.1,235
2019-01-16,2616.1,2.4,21111.6,4.0,252.56,1.64,0.18,19.04,103.36,91.2,27.59,-0.43,8.4,14084.6,14432.7,199.1,236
2019-01-30,2681.05,2.4,21111.6,4.0,252.56,1.68,0.18,17.66,103.36,91.2,27.59,-0.484,8.4,14084.6,14432.7,199.1,237
2019-02-13,2753.03,2.4,21111.6,3.8,253.32,1.76,0.18,15.65,102.83,93.8,27.71,-0.532,8.5,14117.4,14470.5,199.2,238
2019-02-27,2792.38,2.4,21111.6,3.8,253.32,1.84,0.19,14.7,102.83,93.8,27.71,-0.567,8.5,14117.4,14470.5,199.2,239
2019-03-13,2810.92,2.4,21111.6,3.8,254.28,1.84,0.16,13.41,102.84,98.4,27.8,-0.585,7.9,14248.6,14513.9,200.8,240
2019-03-27,2805.37,2.41,21111.6,3.8,254.28,1.74,0.17,15.15,102.84,98.4,27.8,-0.593,7.9,14248.6,14513.9,200.8,241
2019-04-10,2888.21,2.41,21397.94,3.7,255.23,1.83,0.17,13.3,102.27,97.2,27.78,-0.601,7.6,14290.0,14548.1,202.1,242
2019-04-24,2927.25,2.44,21397.94,3.7,255.23,1.87,0.21,13.14,102.27,97.2,27.78,-0.609,7.6,14290.0,14548.1,202.1,243
2019-05-08,2879.42,2.39,21397.94,3.6,255.3,1.75,0.19,19.4,102.42,100.0,27.86,-0.604,7.3,14353.3,14660.8,201.7,244
2019-05-22,2856.27,2.38,21397.94,3.6,255.3,1.68,0.16,14.75,102.42,100.0,27.86,-0.587,7.3,14353.3,14660.8,201.7,245
2019-06-05,2826.15,2.38,21397.94,3.6,255.21,1.59,0.29,16.09,102.54,98.2,27.95,-0.571,7.1,14408.7,14782.9,200.3,246
2019-06-19,2926.46,2.37,21397.94,3.6,255.21,1.53,0.29,14.33,102.54,98.2,27.95,-0.563,7.1,14408.7,14782.9,200.3,247
2019-07-03,2995.82,2.41,21717.17,3.7,255.8,1.51,0.19,12.57,102.01,98.4,28.02,-0.566,6.8,14496.0,14865.4,200.7,248
2019-07-17,2984.42,2.41,21717.17,3.7,255.8,1.6,0.23,13.97,102.01,98.4,28.02,-0.575,6.8,14496.0,14865.4,200.7,249
2019-07-31,2980.38,2.4,21717.17,3.7,255.8,1.56,0.13,16.12,102.01,98.4,28.02,-0.573,6.8,14496.0,14865.4,200.7,250
2019-08-14,2840.6,2.12,21717.17,3.6,256.04,1.36,0.01,22.1,102.78,89.8,28.13,-0.55,6.9,14558.2,14947.6,199.2,251
2019-08-28,2887.94,2.12,21717.17,3.6,256.04,1.36,-0.03,19.35,102.78,89.8,28.13,-0.524,6.9,14558.2,14947.6,199.2,252
2019-09-11,3000.93,2.13,21717.17,3.5,256.43,1.4,0.07,14.61,102.46,93.2,28.17,-0.511,7.0,14590.6,15039.5,198.4,253
2019-09-25,2984.87,1.9,21717.17,3.5,256.43,1.41,0.05,15.96,102.46,93.2,28.17,-0.502,7.0,14590.6,15039.5,198.4,254
2019-10-09,2919.4,1.82,21933.22,3.6,257.15,1.24,0.12,18.64,101.59,95.5,28.23,-0.497,7.1,14617.4,15174.6,198.6,255
2019-10-23,3004.52,1.85,21933.22,3.6,257.15,1.52,0.19,14.01,101.59,95.5,28.23,-0.511,7.1,14617.4,15174.6,198.6,256
2019-11-06,3076.78,1.55,21933.22,3.6,257.88,1.57,0.2,12.62,102.15,96.8,28.35,-0.546,6.9,14711.0,15273.3,199.0,257
2019-11-20,3108.46,1.55,21933.22,3.6,257.88,1.51,0.17,12.78,102.15,96.8,28.35,-0.57,6.9,14711.0,15273.3,199.0,258
2019-12-04,3112.76,1.55,21933.22,3.6,258.63,1.54,0.19,14.8,101.94,99.3,28.37,-0.558,6.2,14774.8,15334.3,199.0,259
2019-12-18,3191.14,1.55,21933.22,3.6,258.63,1.68,0.29,12.58,101.94,99.3,28.37,-0.536,6.2,14774.8,15334.3,199.0,260
2020-01-02,3257.85,1.55,21727.66,3.6,258.91,1.72,0.3,12.47,101.34,99.8,28.44,-0.54,7.0,14844.3,15401.3,199.3,261
2020-01-15,3289.29,1.54,21727.66,3.6,258.91,1.67,0.23,12.42,101.34,99.8,28.44,-0.569,7.0,14844.3,15401.3,199.3,262
2020-01-29,3273.4,1.55,21727.66,3.6,258.91,1.58,0.18,16.39,101.34,99.8,28.44,-0.604,7.0,14844.3,15401.3,199.3,263
2020-02-12,3379.45,1.58,21727.66,3.5,259.25,1.64,0.18,13.74,101.67,101.0,28.55,-0.608,7.5,14833.8,15453.8,196.7,264
2020-02-26,3116.39,1.58,21727.66,3.5,259.25,1.5,0.17,27.56,101.67,101.0,28.55,-0.47,7.5,14833.8,15453.8,196.7,265
2020-03-11,2741.38,1.09,21727.66,4.4,258.15,0.69,0.32,53.9,97.61,89.1,28.77,-0.126,12.4,13810.5,15980.6,193.1,266
2020-03-25,2475.56,0.1,21727.66,4.4,258.15,0.69,0.54,63.95,97.61,89.1,28.77,0.26,12.4,13810.5,15980.6,193.1,267
2020-04-08,2749.98,0.05,19935.44,14.8,256.13,0.87,0.5,43.35,84.68,71.8,30.01,0.419,32.0,12234.4,16999.0,185.5,268
2020-04-22,2799.31,0.05,19935.44,14.8,256.13,0.69,0.41,41.98,84.68,71.8,30.01,0.322,32.0,12234.4,16999.0,185.5,269
2020-05-06,2848.42,0.05,19935.44,13.2,255.85,0.71,0.55,34.12,86.01,72.3,29.72,0.118,22.8,13251.7,17868.4,188.6,270
2020-05-20,2971.61,0.05,19935.44,13.2,255.85,0.83,0.52,27.99,86.01,72.3,29.72,-0.087,22.8,13251.7,17868.4,188.6,271
2020-06-03,3122.87,0.06,19935.44,11.0,257.0,0.88,0.58,25.66,91.67,78.1,29.38,-0.252,18.4,14040.8,18161.5,191.2,272
2020-06-17,3113.49,0.09,19935.44,11.0,257.0,1.01,0.55,33.47,91.67,78.1,29.38,-0.34,18.4,14040.8,18161.5,191.2,273
2020-07-01,3115.86,0.08,21684.55,10.2,258.41,1.17,0.52,28.62,95.0,72.5,29.38,-0.373,17.8,14303.8,18311.4,193.0,274
2020-07-15,3226.56,0.1,21684.55,10.2,258.41,1.28,0.48,27.76,95.0,72.5,29.38,-0.405,17.8,14303.8,18311.4,193.0,275
2020-07-29,3258.44,0.1,21684.55,10.2,258.41,1.38,0.46,24.1,95.0,72.5,29.38,-0.456,17.8,14303.8,18311.4,193.0,276
2020-08-12,3380.35,0.1,21684.55,8.4,259.37,1.56,0.53,22.28,95.93,74.1,29.48,-0.494,13.9,14454.9,18382.2,194.3,277
2020-08-26,3478.73,0.09,21684.55,8.4,259.37,1.63,0.53,23.27,95.93,74.1,29.48,-0.506,13.9,14454.9,18382.2,194.3,278
2020-09-09,3398.96,0.09,21684.55,7.8,259.95,1.57,0.57,28.81,95.89,80.4,29.51,-0.501,13.1,14675.4,18606.8,195.5,279
2020-09-23,3236.92,0.09,21684.55,7.8,259.95,1.48,0.54,28.58,95.89,80.4,29.51,-0.493,13.1,14675.4,18606.8,195.5,280
2020-10-07,3419.44,0.09,22068.77,6.8,260.25,1.54,0.65,28.06,96.53,81.8,29.54,-0.481,12.6,14726.0,18758.1,196.5,281
2020-10-21,3435.56,0.09,22068.77,6.8,260.25,1.56,0.69,28.65,96.53,81.8,29.54,-0.477,12.6,14726.0,18758.1,196.5,282
2020-11-04,3443.44,0.09,22068.77,6.7,260.9,1.56,0.64,29.57,96.95,76.9,29.63,-0.49,11.8,14704.9,18972.9,198.3,283
2020-11-18,3567.79,0.09,22068.77,6.7,260.9,1.63,0.72,23.84,96.95,76.9,29.63,-0.525,11.8,14704.9,18972.9,198.3,284
2020-12-02,3669.01,0.09,22068.77,6.7,262.0,1.76,0.79,21.17,98.2,80.7,29.9,-0.559,11.8,14827.3,19109.9,200.5,285
2020-12-16,3701.17,0.09,22068.77,6.7,262.0,1.9,0.79,22.5,98.2,80.7,29.9,-0.581,11.8,14827.3,19109.9,200.5,286
2020-12-30,3732.04,0.09,22068.77,6.7,262.0,1.92,0.81,22.77,98.2,80.7,29.9,-0.594,11.8,14827.3,19109.9,200.5,287
2021-01-13,3809.84,0.09,22656.79,6.4,262.52,2.04,0.96,22.21,98.81,79.0,29.93,-0.607,19.2,15081.5,19334.6,204.8,288
2021-01-27,3750.77,0.08,22656.79,6.4,262.52,2.15,0.92,37.21,98.81,79.0,29.93,-0.613,19.2,15081.5,19334.6,204.8,289
2021-02-10,3909.88,0.08,22656.79,6.2,263.58,2.31,1.04,21.99,95.51,76.8,30.06,-0.614,12.6,14984.4,19570.8,210.6,290
2021-02-24,3925.43,0.07,22656.79,6.2,263.58,2.38,1.26,21.34,95.51,76.8,30.06,-0.617,12.6,14984.4,19570.8,210.6,291
2021-03-10,3898.81,0.07,22656.79,6.1,264.91,2.47,1.37,22.56,98.19,84.9,30.06,-0.626,25.9,15712.4,19809.6,215.0,292
2021-03-24,3889.14,0.07,22656.79,6.1,264.91,2.53,1.48,21.2,98.19,84.9,30.06,-0.635,25.9,15712.4,19809.6,215.0,293
2021-04-07,4079.95,0.07,23368.86,6.1,266.75,2.53,1.52,17.16,98.33,88.3,30.21,-0.648,12.0,15915.0,20135.3,217.9,294
2021-04-21,4173.42,0.07,23368.86,6.1,266.75,2.53,1.42,17.5,98.33,88.3,30.21,-0.665,12.0,15915.0,20135.3,217.9,295
2021-05-05,4167.59,0.06,23368.86,5.8,268.45,2.68,1.43,19.15,99.19,82.9,30.39,-0.679,9.6,15950.5,20439.5,224.9,296
2021-05-19,4115.68,0.06,23368.86,5.8,268.45,2.66,1.52,22.18,99.19,82.9,30.39,-0.687,9.6,15950.5,20439.5,224.9,297
2021-06-02,4208.12,0.06,23368.86,5.9,270.66,2.59,1.46,17.48,99.65,85.5,30.54,-0.694,8.4,16183.6,20482.4,228.9,298
2021-06-16,4223.7,0.06,23368.86,5.9,270.66,2.41,1.36,18.15,99.65,85.5,30.54,-0.697,8.4,16183.6,20482.4,228.9,299
2021-06-30,4297.5,0.08,23368.86,5.9,270.66,2.47,1.2,15.83,99.65,85.5,30.54,-0.689,8.4,16183.6,20482.4,228.9,300
2021-07-14,4374.3,0.1,23921.99,5.4,271.99,2.53,1.14,16.33,100.07,81.2,30.65,-0.672,9.2,16223.5,20633.4,231.85,301
2021-07-28,4400.64,0.1,23921.99,5.4,271.99,2.57,1.06,18.31,100.07,81.2,30.65,-0.655,9.2,16223.5,20633.4,231.85,302
2021-08-11,4442.41,0.1,23921.99,5.1,272.79,2.55,1.12,16.06,100.04,70.3,30.77,-0.642,8.4,16390.6,20844.4,233.415,303
2021-08-25,4496.19,0.09,23921.99,5.1,272.79,2.51,1.12,16.79,100.04,70.3,30.77,-0.636,8.4,16390.6,20844.4,233.415,304
2021-09-08,4514.07,0.08,23921.99,4.7,273.89,2.53,1.13,17.96,99.0,72.8,30.95,-0.638,7.2,16477.5,20973.8,235.678,305
2021-09-22,4395.64,0.08,23921.99,4.7,273.89,2.41,1.07,20.87,99.0,72.8,30.95,-0.643,7.2,16477.5,20973.8,235.678,306
2021-10-06,4363.55,0.08,24777.04,4.5,276.43,2.57,1.23,21.0,100.35,71.7,31.15,-0.646,6.6,16694.0,21153.7,240.465,307
2021-10-20,4536.19,0.08,24777.04,4.5,276.43,2.77,1.25,15.49,100.35,71.7,31.15,-0.643,6.6,16694.0,21153.7,240.465,308
2021-11-03,4660.57,0.08,24777.04,4.1,278.8,2.86,1.13,15.1,101.27,67.4,31.24,-0.626,6.1,16849.0,21327.6,243.287,309
2021-11-17,4688.67,0.08,24777.04,4.1,278.8,3.14,1.08,17.11,101.27,67.4,31.24,-0.586,6.1,16849.0,21327.6,243.287,310
2021-12-01,4513.04,0.08,24777.04,3.9,280.81,2.7,0.87,31.12,101.19,70.6,31.4,-0.542,6.0,16905.5,21507.8,241.338,311
2021-12-15,4709.85,0.08,24777.04,3.9,280.81,2.67,0.78,19.29,101.19,70.6,31.4,-0.527,6.0,16905.5,21507.8,241.338,312
2021-12-29,4793.06,0.08,24777.04,3.9,280.81,2.83,0.8,16.95,101.19,70.6,31.4,-0.542,6.0,16905.5,21507.8,241.338,313
2022-01-12,4726.35,0.08,25215.49,4.0,282.39,2.82,0.82,17.62,101.21,67.2,31.63,-0.553,3.6,17017.8,21566.1,246.453,314
2022-01-26,4349.93,0.08,25215.49,4.0,282.39,2.75,0.72,31.96,101.21,67.2,31.63,-0.541,3.6,17017.8,21566.1,246.453,315
2022-02-09,4587.18,0.08,25215.49,3.8,284.54,2.78,0.58,19.96,101.85,62.8,31.65,-0.509,3.6,17136.1,21621.0,252.66,316
2022-02-23,4225.5,0.08,25215.49,3.8,284.54,3.01,0.41,31.02,101.85,62.8,31.65,-0.451,3.6,17136.1,21621.0,252.66,317
2022-03-09,4277.88,0.08,25215.49,3.6,287.55,3.33,0.26,32.45,102.67,59.4,31.84,-0.382,2.7,17371.4,21722.8,260.014,318
2022-03-23,4456.24,0.33,25215.49,3.6,287.55,3.57,0.19,23.57,102.67,59.4,31.84,-0.35,2.7,17371.4,21722.8,260.014,319
2022-04-06,4481.15,0.33,25805.79,3.7,288.76,3.28,0.11,22.1,102.9,65.2,31.95,-0.356,2.2,17493.8,21723.2,265.31,320
2022-04-20,4459.45,0.33,25805.79,3.7,288.76,3.36,0.25,20.32,102.9,65.2,31.95,-0.346,2.2,17493.8,21723.2,265.31,321
2022-05-04,4300.17,0.33,25805.79,3.6,291.36,3.24,0.27,25.42,102.97,58.4,32.08,-0.303,2.3,17569.9,21696.6,273.251,322
2022-05-18,3923.68,0.83,25805.79,3.6,291.36,3.05,0.21,30.96,102.97,58.4,32.08,-0.264,2.3,17569.9,21696.6,273.251,323
2022-06-01,4101.23,0.83,25805.79,3.6,295.0,2.96,0.28,25.69,102.82,50.0,32.2,-0.238,2.0,17747.6,21652.4,280.251,324
2022-06-15,3789.99,0.83,25805.79,3.6,295.0,3.0,0.13,29.62,102.82,50.0,32.2,-0.194,2.0,17747.6,21652.4,280.251,325
2022-06-29,3818.83,1.58,25805.79,3.6,295.0,2.59,0.04,28.16,102.82,50.0,32.2,-0.148,2.0,17747.6,21652.4,280.251,326
2022-07-13,3801.78,1.58,26272.01,3.5,294.98,2.51,-0.22,26.82,103.05,51.5,32.33,-0.154,3.1,17744.0,21644.5,272.274,327
2022-07-27,4023.61,1.58,26272.01,3.5,294.98,2.61,-0.18,23.24,103.05,51.5,32.33,-0.209,3.1,17744.0,21644.5,272.274,328
2022-08-10,4210.24,2.33,26272.01,3.6,295.21,2.61,-0.45,19.74,103.17,58.2,32.44,-0.252,3.1,17897.5,21626.7,269.546,329
2022-08-24,4140.77,2.33,26272.01,3.6,295.21,2.79,-0.25,22.82,103.17,58.2,32.44,-0.255,3.1,17897.5,21626.7,269.546,330
2022-09-07,3979.87,2.33,26272.01,3.5,296.34,2.51,-0.18,24.64,103.53,58.6,32.54,-0.216,3.1,17987.2,21507.7,267.898,331
2022-09-21,3789.93,2.33,26272.01,3.5,296.34,2.47,-0.51,27.99,103.53,58.6,32.54,-0.156,3.1,17987.2,21507.7,267.898,332
2022-10-05,3783.28,3.08,26734.28,3.6,297.86,2.26,-0.39,28.55,103.44,59.9,32.7,-0.104,3.2,18096.2,21433.4,265.061,333
2022-10-19,3695.16,3.08,26734.28,3.6,297.86,2.46,-0.41,30.76,103.44,59.9,32.7,-0.101,3.2,18096.2,21433.4,265.061,334
2022-11-02,3759.69,3.08,26734.28,3.6,298.65,2.68,-0.51,25.86,103.11,56.7,32.83,-0.144,3.4,18094.0,21367.1,263.157,335
2022-11-16,3958.79,3.83,26734.28,3.6,298.65,2.35,-0.68,24.11,103.11,56.7,32.83,-0.196,3.4,18094.0,21367.1,263.157,336
2022-11-30,4080.11,3.83,26734.28,3.6,298.65,2.41,-0.7,20.58,103.11,56.7,32.83,-0.212,3.4,18094.0,21367.1,263.157,337
2022-12-14,3995.32,3.83,26734.28,3.5,298.81,2.25,-0.74,21.14,101.83,59.8,32.94,-0.209,3.7,18134.6,21273.1,257.897,338
2022-12-28,3783.22,4.33,26734.28,3.5,298.81,2.33,-0.43,22.14,101.83,59.8,32.94,-0.226,3.7,18134.6,21273.1,257.897,339
2023-01-11,3969.61,4.33,27164.36,3.4,300.36,2.21,-0.66,21.09,102.75,64.9,33.07,-0.275,4.2,18475.2,21188.2,260.227,340
2023-01-25,4016.22,4.33,27164.36,3.4,300.36,2.28,-0.65,19.08,102.75,64.9,33.07,-0.324,4.2,18475.2,21188.2,260.227,341
2023-02-08,4117.86,4.58,27164.36,3.6,301.51,2.46,-0.82,19.63,102.8,66.9,33.15,-0.353,4.6,18532.1,21117.7,258.669,342
2023-02-22,3991.05,4.58,27164.36,3.6,301.51,2.52,-0.73,22.29,102.8,66.9,33.15,-0.325,4.6,18532.1,21117.7,258.669,343
2023-03-08,3992.01,4.57,27164.36,3.5,301.74,2.47,-1.07,19.11,102.81,62.0,33.31,-0.229,5.3,18511.3,20870.6,257.062,344
2023-03-22,3936.97,4.58,27164.36,3.5,301.74,2.31,-0.48,22.26,102.81,62.0,33.31,-0.129,5.3,18511.3,20870.6,257.062,345
2023-04-05,4090.38,4.83,27453.82,3.4,303.03,2.29,-0.49,19.08,103.22,63.7,33.44,-0.129,5.0,18638.7,20712.2,256.908,346
2023-04-19,4154.52,4.83,27453.82,3.4,303.03,2.33,-0.64,16.46,103.22,63.7,33.44,-0.192,5.0,18638.7,20712.2,256.908,347
2023-05-03,4090.75,4.83,27453.82,3.7,303.36,2.19,-0.51,18.34,102.98,59.0,33.54,-0.239,5.2,18676.4,20804.8,253.67,348
2023-05-17,4158.77,5.08,27453.82,3.7,303.36,2.16,-0.55,16.87,102.98,59.0,33.54,-0.247,5.2,18676.4,20804.8,253.67,349
2023-05-31,4179.83,5.08,27453.82,3.7,303.36,2.07,-0.76,17.94,102.98,59.0,33.54,-0.251,5.2,18676.4,20804.8,253.67,350
2023-06-14,4372.59,5.08,27453.82,3.6,304.0,2.15,-0.91,13.88,102.38,64.2,33.7,-0.254,5.0,18742.1,20788.5,253.86,351
2023-06-28,4376.86,5.07,27453.82,3.6,304.0,2.12,-1.0,13.43,102.38,64.2,33.7,-0.256,5.0,18742.1,20788.5,253.86,352
2023-07-12,4472.16,5.08,27967.7,3.5,304.63,2.18,-0.86,13.54,103.07,71.5,33.84,-0.266,4.6,18850.5,20762.6,253.835,353
2023-07-26,4566.75,5.08,27967.7,3.5,304.63,2.24,-0.96,13.19,103.07,71.5,33.84,-0.298,4.6,18850.5,20762.6,253.835,354
2023-08-09,4467.71,5.33,27967.7,3.8,306.19,2.23,-0.79,15.96,103.1,69.4,33.91,-0.33,4.7,18911.6,20735.0,257.68,355
2023-08-23,4436.01,5.33,27967.7,3.8,306.19,2.26,-0.76,15.98,103.1,69.4,33.91,-0.352,4.7,18911.6,20735.0,257.68,356
2023-09-06,4465.48,5.33,27967.7,3.8,307.29,2.23,-0.71,14.45,103.31,67.8,34.01,-0.365,4.4,19024.9,20681.4,258.934,357
2023-09-20,4402.2,5.33,27967.7,3.8,307.29,2.27,-0.77,15.14,103.31,67.8,34.01,-0.366,4.4,19024.9,20681.4,258.934,358
2023-10-04,4263.75,5.33,28296.97,3.8,307.53,2.18,-0.32,18.58,102.58,63.8,34.1,-0.345,4.5,19069.5,20662.5,255.192,359
2023-10-18,4314.6,5.33,28296.97,3.8,307.53,2.35,-0.28,19.22,102.58,63.8,34.1,-0.324,4.5,19069.5,20662.5,255.192,360
2023-11-01,4237.86,5.33,28296.97,3.7,308.02,2.36,-0.18,16.87,102.89,61.3,34.23,-0.334,4.6,19151.0,20675.7,252.856,361
2023-11-15,4502.88,5.33,28296.97,3.7,308.02,2.24,-0.37,14.18,102.89,61.3,34.23,-0.375,4.6,19151.0,20675.7,252.856,362
2023-11-29,4550.58,5.33,28296.97,3.7,308.02,2.14,-0.37,12.98,102.89,61.3,34.23,-0.42,4.6,19151.0,20675.7,252.856,363
2023-12-13,4707.09,5.33,28296.97,3.7,308.74,2.08,-0.42,12.19,102.63,69.7,34.34,-0.449,4.4,19289.9,20725.4,249.866,364
2023-12-27,4781.58,5.33,28296.97,3.7,308.74,2.12,-0.41,12.43,102.63,69.7,34.34,-0.472,4.4,19289.9,20725.4,249.866,365
2024-01-10,4783.45,5.33,28624.07,3.7,309.68,2.18,-0.33,12.69,101.48,79.0,34.51,-0.489,5.5,19308.5,20725.9,251.306,366
2024-01-24,4868.55,5.33,28624.07,3.7,309.68,2.23,-0.16,13.14,101.48,79.0,34.51,-0.494,5.5,19308.5,20725.9,251.306,367
2024-02-07,4995.06,5.33,28624.07,3.9,311.05,2.26,-0.32,12.83,102.73,76.9,34.56,-0.486,5.4,19412.7,20761.8,254.926,368
2024-02-21,4981.8,5.33,28624.07,3.9,311.05,2.39,-0.32,15.34,102.73,76.9,34.56,-0.479,5.4,19412.7,20761.8,254.926,369
2024-03-06,5104.76,5.33,28624.07,3.8,312.23,2.38,-0.44,14.5,102.52,79.4,34.69,-0.482,5.2,19553.2,20862.9,255.095,370
2024-03-20,5224.62,5.33,28624.07,3.8,312.23,2.4,-0.32,13.04,102.52,79.4,34.69,-0.487,5.2,19553.2,20862.9,255.095,371
2024-04-03,5211.49,5.33,29016.71,3.9,313.21,2.43,-0.32,14.33,102.36,77.2,34.75,-0.482,5.3,19603.3,20881.1,256.978,372
2024-04-17,5022.21,5.33,29016.71,3.9,313.21,2.47,-0.34,18.21,102.36,77.2,34.75,-0.472,5.3,19603.3,20881.1,256.978,373
2024-05-01,5018.39,5.33,29016.71,4.0,313.23,2.39,-0.33,15.39,103.07,69.1,34.88,-0.476,5.2,19697.3,20959.4,255.313,374
2024-05-15,5308.15,5.33,29016.71,4.0,313.23,2.29,-0.37,12.45,103.07,69.1,34.88,-0.5,5.2,19697.3,20959.4,255.313,375
2024-05-29,5266.95,5.33,29016.71,4.0,313.23,2.36,-0.35,14.28,103.07,69.1,34.88,-0.521,5.2,19697.3,20959.4,255.313,376
2024-06-12,5421.03,5.33,29016.71,4.1,313.05,2.17,-0.44,12.04,103.23,68.2,34.99,-0.522,5.2,19747.5,21020.1,255.87,377
2024-06-26,5477.9,5.33,29016.71,4.1,313.05,2.2,-0.39,12.55,103.23,68.2,34.99,-0.518,5.2,19747.5,21020.1,255.87,378
2024-07-10,5633.91,5.33,29349.92,4.3,313.53,2.22,-0.34,12.85,102.59,66.4,35.07,-0.522,4.9,19849.9,21039.4,257.337,379
2024-07-24,5427.13,5.33,29349.92,4.3,313.53,2.13,-0.09,18.04,102.59,66.4,35.07,-0.518,4.9,19849.9,21039.4,257.337,380
2024-08-07,5199.5,5.33,29349.92,4.2,314.12,1.97,-0.04,27.85,102.93,67.9,35.23,-0.502,4.8,19897.1,21141.2,255.487,381
2024-08-21,5620.85,5.33,29349.92,4.2,314.12,1.94,-0.13,16.27,102.93,67.9,35.23,-0.497,4.8,19897.1,21141.2,255.487,382
2024-09-04,5520.07,5.33,29349.92,4.1,314.69,1.9,0.01,21.32,102.64,70.1,35.36,-0.512,4.8,19897.1,21221.2,252.526,383
2024-09-18,5618.26,5.33,29349.92,4.1,314.69,1.98,0.09,18.23,102.64,70.1,35.36,-0.532,4.8,19897.1,21221.2,252.526,384
2024-10-02,5709.54,4.83,29349.92,4.1,314.69,2.1,0.16,18.9,102.64,70.1,35.36,-0.549,4.8,19897.1,21221.2,252.526,385
2024-10-16,5842.47,4.83,29349.92,4.1,314.69,2.19,0.09,19.58,102.64,70.1,35.36,-0.56,4.8,19897.1,21221.2,252.526,386
